{
    "drift_detected": true,
    "p_value": 4.05244386640516e-129,
    "statistic": 0.9588759424263193,
    "timestamp": "2025-04-30T10:11:01.939445"
}